{
  "GCST003044_cr_ic__2__60977721__A__G": {
    "GCST004131_ibd__2__60977506__A__C": {
      "h3": 0.003509773643615,
      "h4": 0.9964902263563841,
      "logH4H3": 5.648687785233264
    },
    "GCST004132_cr__2__60977506__A__C": {
      "h3": 0.005199243009322001,
      "h4": 0.9948007567718761,
      "logH4H3": 5.254029432796706
    },
    "GCST004133_uc__2__60977506__A__C": {
      "h3": 0.004801558392474,
      "h4": 0.9951984416075301,
      "logH4H3": 5.334001625754553
    }
  },
  "GCST004131_ibd__2__60977506__A__C": {
    "GCST003044_cr_ic__2__60977721__A__G": {
      "h3": 0.003509773643615,
      "h4": 0.9964902263563841,
      "logH4H3": 5.648687785233264
    },
    "GCST004132_cr__2__60977506__A__C": {
      "h3": 0.006748427529733001,
      "h4": 0.9932515723877541,
      "logH4H3": 4.991674458579524
    },
    "GCST004133_uc__2__60977506__A__C": {
      "h3": 0.005920141136242001,
      "h4": 0.994079858863755,
      "logH4H3": 5.123457255145439
    }
  },
  "GCST004132_cr__2__60977506__A__C": {
    "GCST003044_cr_ic__2__60977721__A__G": {
      "h3": 0.005199243009322001,
      "h4": 0.9948007567718761,
      "logH4H3": 5.254029432796706
    },
    "GCST004131_ibd__2__60977506__A__C": {
      "h3": 0.006748427529733001,
      "h4": 0.9932515723877541,
      "logH4H3": 4.991674458579524
    },
    "GCST004133_uc__2__60977506__A__C": {
      "h3": 0.007717819668222,
      "h4": 0.9922821802389411,
      "logH4H3": 4.85647562497018
    }
  },
  "GCST004133_uc__2__60977506__A__C": {
    "GCST003044_cr_ic__2__60977721__A__G": {
      "h3": 0.004801558392474,
      "h4": 0.9951984416075301,
      "logH4H3": 5.334001625754553
    },
    "GCST004131_ibd__2__60977506__A__C": {
      "h3": 0.005920141136242001,
      "h4": 0.994079858863755,
      "logH4H3": 5.123457255145439
    },
    "GCST004132_cr__2__60977506__A__C": {
      "h3": 0.007717819668222,
      "h4": 0.9922821802389411,
      "logH4H3": 4.85647562497018
    }
  }
}
