{
  "GCST003044_cr_ic__9__114806766__T__C": {
    "GCST004131_ibd__9__114817177__G__A": {
      "h3": 0.010861428701168001,
      "h4": 0.9891385712988261,
      "logH4H3": 4.511616572214578
    },
    "GCST004133_uc__9__114817177__G__A": {
      "h3": 0.024168126170196,
      "h4": 0.9758318737545911,
      "logH4H3": 3.698255646458761
    },
    "GCST004132_cr__9__114785492__T__C": {
      "h3": 0.033249839488407006,
      "h4": 0.966750160511585,
      "logH4H3": 3.369890156845656
    }
  },
  "GCST004131_ibd__9__114817177__G__A": {
    "GCST003044_cr_ic__9__114806766__T__C": {
      "h3": 0.010861428701168001,
      "h4": 0.9891385712988261,
      "logH4H3": 4.511616572214578
    },
    "GCST004133_uc__9__114817177__G__A": {
      "h3": 0.009110185134733,
      "h4": 0.9908898148468731,
      "logH4H3": 4.68921030911325
    },
    "GCST004132_cr__9__114785492__T__C": {
      "h3": 0.0042709280130110005,
      "h4": 0.9957290719869841,
      "logH4H3": 5.451644067619114
    }
  },
  "GCST004133_uc__9__114817177__G__A": {
    "GCST003044_cr_ic__9__114806766__T__C": {
      "h3": 0.024168126170196,
      "h4": 0.9758318737545911,
      "logH4H3": 3.698255646458761
    },
    "GCST004131_ibd__9__114817177__G__A": {
      "h3": 0.009110185134733,
      "h4": 0.9908898148468731,
      "logH4H3": 4.68921030911325
    },
    "GCST004132_cr__9__114785492__T__C": {
      "h3": 0.024373166841700003,
      "h4": 0.9756268331121251,
      "logH4H3": 3.689597362617085
    }
  },
  "GCST004132_cr__9__114785492__T__C": {
    "GCST003044_cr_ic__9__114806766__T__C": {
      "h3": 0.033249839488407006,
      "h4": 0.966750160511585,
      "logH4H3": 3.369890156845656
    },
    "GCST004131_ibd__9__114817177__G__A": {
      "h3": 0.0042709280130110005,
      "h4": 0.9957290719869841,
      "logH4H3": 5.451644067619114
    },
    "GCST004133_uc__9__114817177__G__A": {
      "h3": 0.024373166841700003,
      "h4": 0.9756268331121251,
      "logH4H3": 3.689597362617085
    }
  }
}
