{
  "GCST004132_cr__19__1178655__G__C": {
    "GCST006288_hbmd__19__1170298__A__G": {
      "h3": 0.07708995049056801,
      "h4": 0.9228917028594671,
      "logH4H3": 2.482538967697081
    }
  },
  "GCST006288_hbmd__19__1170298__A__G": {
    "GCST004132_cr__19__1178655__G__C": {
      "h3": 0.07708995049056801,
      "h4": 0.9228917028594671,
      "logH4H3": 2.482538967697081
    }
  }
}
